{
  "version": "2.0",
  "logging": {
    "applicationInsights": {
      "samplingSettings": {
        "isEnabled": true,
        "excludedTypes": "Request"
      },
      "enableLiveMetricsFilters": true
    },
    "logLevel": {
      "default": "Information",
      "Host.Results": "Error",
      "Function": "Information",
      "Host.Aggregator": "Information"
    }
  },
  "extensions": {
    "http": {
      "routePrefix": "api",
      "maxConcurrentRequests": 100,
      "maxOutstandingRequests": 200,
      "dynamicThrottlesEnabled": true
    }
  },
  "functionTimeout": "00:05:00"
}